id;emp_id;name;email;contact_number
1;California JBOD Applications;Garden pink tangible;Damon_Kertzmann@gmail.com;7572
2;withdrawal Isle of Man;Optimization Table;Percival17@yahoo.com;18764
3;Central executive;throughput Multi-tiered;Eli_Bayer@gmail.com;56864
4;Factors drive;Taka;Frankie17@gmail.com;35294
5;Books incremental;Kazakhstan Product;Karlee.Hammes29@yahoo.com;97863
6;Intelligent Implemented parsing;Buckinghamshire Sports Table;Tevin.Zulauf@yahoo.com;3419
7;Automotive;Liaison;Cicero.Reynolds@hotmail.com;30632
8;portal;Persistent Liberia;Darrell87@hotmail.com;8213
9;Lempira Falkland Islands (Malvinas) knowledge base;orchestrate Corporate Avon;Chyna35@hotmail.com;54954
10;Incredible Buckinghamshire repurpose;Games Iceland Krona bus;Moriah.Langosh52@gmail.com;76976
